,phi,Re_Ephi,Im_Ephi,Re_Etheta,Im_Etheta,Total_RCS,Ephi,Etheta,Corrected_RCS
0,90.0,0.000327977087596321,-5.26001276877557e-05,-2.76180539359933e-11,5.08851071089006e-11,0.00124786784459377,(0.000327977087596321-5.26001276877557e-05j),(-2.76180539359933e-11+5.08851071089006e-11j),0.013865198273264113
